year,riverSystemKey,inshoreRunForecast_millions,inshoreRunActual_millions,inshoreRunPctDeviation,escapementGoalMin_millions,escapementGoalMax_millions,escapementGoalType,escapementActual_millions,inshoreCatchProjected_millions,inshoreCatchActual_millions,inshoreCatchPctDeviation,notes
2015,kvichak,14.807,15.466,4,2.00,10.00,range,7.342,7.119,8.124,14,
2015,alagnak,1.198,11.629,871,0.320,,minimum,5.771,0.576,5.858,917,
2015,naknek,11.728,4.471,-62,0.80,2.00,range,1.921,10.328,2.550,-75,
2015,egegik,12.038,10.911,-9,0.80,2.00,range,2.161,10.638,8.750,-18,
2015,ugashik,3.562,7.039,98,0.50,1.40,range,1.565,2.612,5.474,110,
2015,wood,5.340,5.070,-5,0.70,1.80,range,1.941,4.090,3.129,-23,
2015,igushik,0.980,1.657,69,0.15,0.40,range,0.651,0.705,1.006,43,
2015,nushagak_mulchatna,1.738,2.255,30,0.37,0.90,range,0.797,1.103,1.458,32,
2015,togiak,0.584,0.591,1,0.12,0.27,range,0.219,0.389,0.372,-4,
2015,total_bristol_bay,51.975,59.088,14,5.760,19.090,range,22.368,37.557,36.720,-1,
2016,kvichak,12.690,11.615,-8,2.00,10.00,range,4.463,5.870,7.152,22,
2016,alagnak,5.720,4.857,-15,0.320,,minimum,1.776,2.650,3.081,16,
2016,naknek,4.760,4.925,3,0.80,2.00,range,1.692,3.180,3.233,2,
2016,egegik,7.410,10.576,43,0.80,2.00,range,1.837,5.740,8.739,52,
2016,ugashik,4.950,8.265,67,0.50,1.40,range,1.635,3.820,6.630,74,
2016,wood,7.530,5.487,-27,0.70,1.80,range,1.310,6.000,4.177,-30,
2016,igushik,1.090,1.964,80,0.15,0.40,range,0.469,0.770,1.495,94,
2016,nushagak_mulchatna,1.740,3.119,79,0.37,0.90,range,0.681,1.040,2.438,134,
2016,togiak,0.660,0.846,28,0.12,0.27,range,0.200,0.440,0.646,47,
2016,total_bristol_bay,46.550,51.654,11,5.760,19.090,range,14.063,29.510,37.591,27,
2017,kvichak,7.470,6.524,-13,2.00,10.00,range,3.163,3.470,3.361,-3,
2017,alagnak,3.894,4.119,6,0.320,,minimum,2.042,1.809,2.077,15,
2017,naknek,4.114,4.718,15,0.80,2.00,range,1.900,3.014,2.818,-7,
2017,egegik,10.257,14.581,42,0.80,2.00,range,2.601,8.559,11.980,40,
2017,ugashik,5.260,6.892,31,0.50,1.40,range,1.186,4.086,5.706,40,
2017,wood,5.292,11.009,108,0.70,1.80,range,4.274,3.767,6.735,79,
2017,igushik,1.207,1.318,9,0.15,0.40,range,0.579,0.994,0.739,-26,
2017,nushagak_mulchatna,1.802,7.700,327,0.37,0.90,range,2.852,1.299,4.848,273,
2017,togiak,0.633,0.711,12,0.12,0.27,range,0.195,0.476,0.516,8,
2017,total_bristol_bay,39.929,57.572,44,5.760,19.090,range,18.792,27.474,38.780,41,
2018,kvichak,8.120,7.393,-9,2.00,10.00,range,4.399,4.120,2.994,-27,
2018,alagnak,4.280,2.851,-33,0.320,,minimum,1.581,2.170,1.260,-41,
2018,naknek,3.750,6.876,83,0.80,2.00,range,2.221,2.650,4.655,76,
2018,egegik,8.850,6.758,-24,0.80,2.00,range,1.608,7.450,5.150,-31,
2018,ugashik,2.780,3.940,42,0.50,1.40,range,1.168,2.060,2.772,35,
2018,wood,11.950,22.279,86,0.70,1.80,range,7.507,10.420,14.771,42,
2018,igushik,2.060,2.025,-2,0.15,0.40,range,0.771,1.730,1.255,-26,
2018,nushagak_mulchatna,7.140,9.452,32,0.37,0.90,range,1.247,6.380,8.204,28,
2018,togiak,0.840,1.380,64,0.12,0.27,range,0.512,0.610,0.868,42,
2018,total_bristol_bay,49.790,62.952,26,5.760,19.090,range,21.014,37.600,41.937,12,
2019,kvichak,6.690,7.499,12,2.00,10.00,range,2.371,2.690,5.127,91,
2019,alagnak,3.820,1.777,-53,0.210,,minimum,0.820,1.540,0.949,-38,
2019,naknek,5.010,8.362,67,0.80,2.00,range,2.911,3.610,5.451,51,
2019,egegik,8.740,17.023,95,0.80,2.00,range,2.340,7.040,14.683,109,
2019,ugashik,3.330,2.584,-22,0.50,1.40,range,1.547,2.380,1.037,-56,
2019,wood,4.450,12.197,174,0.70,1.80,range,2.073,3.470,10.123,42,
2019,igushik,1.520,1.342,-12,0.15,0.40,range,0.256,1.250,1.086,-26,
2019,nushagak_mulchatna,4.020,4.255,6,0.37,0.90,range,0.709,3.260,3.546,28,
2019,togiak,1.100,1.370,25,0.12,0.27,range,0.352,0.870,1.018,17,
2019,total_bristol_bay,38.680,56.409,46,5.650,19.090,range,13.379,26.110,43.020,65,
2020,kvichak,9.920,9.998,1,2.00,10.00,range,4.031,5.920,5.967,1,
2020,alagnak,3.890,4.604,18,0.210,,minimum,2.387,2.320,2.218,-4,
2020,naknek,5.210,10.238,97,0.80,2.00,range,4.112,4.110,6.126,49,
2020,egegik,10.230,15.754,54,0.80,2.00,range,2.389,8.530,13.365,57,
2020,ugashik,4.450,4.344,-2,0.50,1.40,range,1.745,3.280,2.598,-21,
2020,wood,8.250,7.885,-4,0.70,1.80,range,2.244,6.720,5.641,-16,
2020,igushik,1.020,1.195,17,0.15,0.40,range,0.324,0.740,0.871,18,
2020,nushagak_mulchatna,2.770,3.576,29,0.37,0.90,range,1.228,2.260,2.348,4,
2020,togiak,0.880,0.707,-20,0.12,0.27,range,0.261,0.690,0.446,-35,
2020,total_bristol_bay,46.600,58.301,25,5.650,19.090,range,18.721,34.560,39.580,15,
2021,kvichak,6.244,8.462,36,2,10,range,4.704,2.244,3.758,68,
2021,alagnak,3.671,5.776,57,0.21,,minimum,3.237,1.319,2.539,92,
2021,naknek,7.089,6.785,-4,0.8,2,range,2.797,5.389,3.988,-26,
2021,egegik,10.955,7.323,-33,0.8,2,range,1.832,9.255,5.491,-41,
2021,ugashik,6.523,10.100,55,0.5,1.4,range,2.860,5.348,7.240,35,
2021,wood,7.787,12.040,55,0.7,1.8,range,4.410,6.257,7.630,22,
2021,igushik,1.321,1.943,47,0.15,0.4,range,0.879,1.050,1.064,1,
2021,nushagak,5.649,14.289,153,0.37,0.9,range,4.697,4.879,9.592,97,
2021,togiak,0.800,0.957,20,0.12,0.27,range,0.281,0.605,0.676,12,
2021,total_bristol_bay,50.039,67.675,35,5.65,19.09,range,25.696,36.346,41.979,15,
2022,kvichak,8.159,14.003,72,2,10,range,4.225,4.159,9.778,135,
2022,alagnak,4.123,4.300,4,0.21,,minimum,1.668,2.102,2.632,25,
2022,naknek,8.396,6.791,-19,0.8,2,range,1.921,6.696,4.870,-27,
2022,egegik,15.990,16.967,6,0.8,2,range,1.786,14.290,15.181,6,
2022,ugashik,6.096,7.372,21,0.5,1.4,range,1.437,4.921,5.935,21,
2022,wood,9.398,11.392,21,0.7,1.8,range,3.748,7.864,7.644,-3,
2022,igushik,1.959,2.762,41,0.15,0.4,range,0.379,1.622,2.383,47,
2022,nushagak,18.133,14.764,-19,0.37,0.9,range,3.455,17.366,11.309,-35,
2022,togiak,1.151,0.798,-31,0.12,0.27,range,0.240,0.918,0.558,-39,
2022,total_bristol_bay,73.405,79.149,8,5.65,19.09,range,18.859,59.938,60.290,1,
2023,kvichak,7.91,8.63,9,2,10,range,3.75,3.91,4.87,25,
2023,alagnak,4.07,2.5,-39,0.21,,minimum,1.1,2.01,1.4,-30,
2023,naknek,6.37,6.8,7,0.8,2,range,1.15,4.67,5.65,21,
2023,egegik,11.10,14.56,31,0.8,2,range,1.56,9.40,13.00,38,
2023,ugashik,3.26,4.30,32,0.5,1.4,range,1.13,2.53,3.18,26,
2023,wood,7.79,10.25,32,0.7,1.8,range,2.65,6.27,7.61,21,
2023,igushik,1.72,1.36,-21,0.15,0.4,range,0.54,1.39,0.82,-41,
2023,nushagak,6.76,5.36,-21,0.37,0.9,range,1.77,5.99,3.59,-40,
2023,togiak,0.68,0.71,4,0.12,0.27,range,0.27,0.49,0.44,-10,
2023,total_bristol_bay,49.66,54.47,10,5.65,19.09,range,13.93,36.66,40.56,11,
2024,kvichak,6.50,11.95,84,2.00,10.00,range,6.64,2.50,5.31,112,
2024,alagnak,2.93,4.25,45,0.21,,minimum,2.36,1.13,1.89,67,
2024,naknek,5.54,3.11,-44,0.80,2.00,range,0.93,4.44,2.18,-51,
2024,egegik,5.54,4.53,-18,0.80,2.00,range,1.11,4.44,3.41,-23,
2024,ugashik,4.64,7.78,68,0.50,1.40,range,1.76,3.69,6.02,63,
2024,wood,7.62,12.02,58,0.70,1.80,range,4.40,5.21,7.61,46,
2024,igushik,1.05,1.55,48,0.15,0.40,range,0.69,0.83,0.86,4,
2024,nushagak,3.40,5.51,62,0.37,0.90,range,1.71,2.24,3.80,70,
2024,togiak,0.68,0.93,37,0.12,0.27,range,0.36,0.52,0.57,10,
2024,total_bristol_bay,37.90,51.61,36,5.65,19.09,range,19.97,25.01,31.65,27,